Page,Visitors,Total
"m.facebook.com",3992,5352
"google.com",3409,4093
"cargurus.com",842,974
"cars.com",619,767
"autotrader.com",499,569
"classic.com",436,515
"link.sportcarslux.com",353,390
"facebook.com",193,259
"carfax.com",172,198
"l.facebook.com",137,204
"bing.com",107,144
"duckduckgo.com",54,69
"chatgpt.com",47,83
"visor.vin",47,61
"search.yahoo.com",38,55
"sportcarslux.com",34,43
"l.wl.co",31,42
"com.google.android.googlequicksearchbox",25,31
"search.brave.com",22,33
"carsforsale.com",17,17
"l.instagram.com",17,18
"vercel.com",14,24
"sportcars.miami",11,12
"com.google.android.gm",10,15
"op-dash.marketcheck.com",10,23
"lm.facebook.com",8,10
"kbb.com",7,9
"carg.lightning.force.com",6,10
"crm.zoho.com",6,9
"startpage.com",5,5
"yandex.ru",5,5
"appraiser3.accu-trade.com",4,4
"gemini.google.com",4,5
"google.com.br",3,4
"google.com.tr",3,4
"url.emailprotection.link",3,3
"app.autovisionapp.com",2,3
"cddtool-assets.srv-eng-tools.accounts.edmunds.com",2,2
"challenge-stradale.com",2,2
"ecosia.org",2,2
"goodcar.com",2,2
"google.es",2,2
"mapquest.com",2,2
"r.search.yahoo.com",2,2
"rennlist.com",2,3
"solera-amer.lightning.force.com",2,2
"studysafar.com",2,2
"us.search.yahoo.com",2,2
"usc-excel.officeapps.live.com",2,2
"yelp.com",2,6
"ads.autotrader.com",1,1
"app.autohub.io",1,2
"app.gradient.network",1,1
"ar.search.yahoo.com",1,1
"bilibili.com",1,1
"bumper.com",1,1
"business.facebook.com",1,1
"carfax.lightning.force.com",1,4
"carfaxbig.com",1,1
"com.linkedin.android",1,2
"de.search.yahoo.com",1,1
"designrush.com",1,1
"dev.azure.com",1,1
"em-lyon.com",1,1
"entireweb.com",1,1
"enxogo.com",1,1
"garticphone.com",1,1
"google.com.hk",1,1
"google.de",1,1
"hightail.com",1,1
"ibm.ent.box.com",1,1
"instagram.com",1,1
"jigsawplanet.com",1,1
"jwkbz.ratraiser.online",1,1
"linkedin.com",1,1
"liquipedia.net",1,1
"logmein.com",1,1
"nsxprime.com",1,1
"penfed.truecar.com",1,1
"retain-us.ey.net",1,1
"roku.com",1,1
"search.aol.com",1,1
"search.spacetime.com",1,1
"smrs.toolcookies.com",1,1
"sperse.com",1,1
"sportcars-generator-duuz.vercel.app",1,1
"sportcars-miami-kfu6-da8r9wu3b-nicxesh.vercel.app",1,1
"sportcars-miami-kfu6-git-main-nicxesh.vercel.app",1,1
"statics.teams.cdn.office.net",1,1
"targ8.com",1,1
"trailersolutionsfl.lightning.force.com",1,3
"x.com",1,1
"youtube.com",1,1
"zeaie.ratraiser.online",1,1
"zoominfo.com",1,1